"Event.locus","Target.gene","Event","Event.Type","Span","hit","effectiveDeletion","geneFitness","geneLFC.exonicCas9","fractionTotPairs.doubleX","fractionOkPairs.doubleX","fractionTotPairs.singleX","fractionOkPairs.singleX","totPairs.doubleX","okPairs.doubleX","totPairsDrop.doubleX","okPairsDrop.doubleX","totPairs.singleX","okPairs.singleX","totPairsDrop.singleX","okPairsDrop.singleX"
"chr12:125129335-125129460","AACS","HsaEX0000123","Fig6_Exon_Deletion","125",FALSE,NA,"non-fitness",0.683,0,0,0,0,16,16,0,0,11,11,0,0
"chr10:114447880-114448020","ABLIM1","HsaEX0000724","Fig6_Exon_Deletion","140",FALSE,NA,"",-1.0882,0.125,0.0909,0.1667,0,16,11,2,1,12,10,2,0
"chr14:23071125-23071186","ACIN1","HsaEX0001925","Fig6_Exon_Deletion","61",FALSE,NA,"non-fitness",-1.0143,0,0,0,0,16,16,0,0,12,12,0,0
"chr20:62304461-62304485","ADRM1","HsaEX0002885","Fig6_Exon_Deletion","24",FALSE,NA,"non-fitness",-0.2799,0,0,0,0,16,16,0,0,11,11,0,0
"chr3:105552144-105552182","ALCAM","HsaEX0003574","Fig6_Exon_Deletion","38",FALSE,NA,"non-fitness",1.0922,0,0,0,0,16,16,0,0,7,7,0,0
"chr10:72223893-72224056","ANAPC16","HsaEX0004048","Fig6_Exon_Deletion","163",FALSE,NA,"",-1.6027,0.0667,0,0.0909,0,15,13,1,0,11,10,1,0
"chr15:60397258-60397338","ANXA2","HsaEX0004734","Fig6_Exon_Deletion","80",FALSE,NA,"non-fitness",1.0348,0.125,0.1,0.1818,0,16,10,2,1,11,8,2,0
"chr3:184180645-184180650","AP2M1","HsaEX0004932","Fig6_Exon_Deletion","5",FALSE,NA,"non-fitness",-0.1878,0,0,0,0,4,4,0,0,5,5,0,0
"chr5:141655362-141655400","ARAP3","HsaEX0005298","Fig6_Exon_Deletion","38",FALSE,NA,"fitness",-2.7319,0,0,0,0,7,7,0,0,8,8,0,0
"chr20:63706999-63707092","ARFRP1","HsaEX0005373","Fig6_Exon_Deletion","93",FALSE,NA,"fitness",-3.5558,0.125,0.1667,0.1667,0,8,6,1,1,6,5,1,0
"chr4:148063153-148063300","ARHGAP10","HsaEX0005393","Fig6_Exon_Deletion","147",FALSE,NA,"",-1.7637,0.0625,0.0714,0.0833,0,16,14,1,1,12,11,1,0
"chr3:57035088-57035176","ARHGEF3","HsaEX0005674","Fig6_Exon_Deletion","88",FALSE,NA,"",-1.3477,0.0667,0.0667,0,0,15,15,1,1,12,12,0,0
"chr12:123751110-123751229","ATP6V0A2","HsaEX0006970","Fig6_Exon_Deletion","119",FALSE,NA,"non-fitness",0.0109,0.125,0.1,0.2,0,16,10,2,1,10,8,2,0
"chr16:291190-291297","AXIN1","HsaEX0007386","Fig6_Exon_Deletion","107",FALSE,NA,"non-fitness",4.1977,0,0,0,0,16,16,0,0,12,12,0,0
"chr2:127057473-127057601","BIN1","HsaEX0008093","Fig6_Exon_Deletion","128",FALSE,NA,"non-fitness",-0.0017,0.1429,0.1429,0,0,14,14,2,2,12,12,0,0
"chr17:67875556-67875744","BPTF","HsaEX0008351","Fig6_Exon_Deletion","188",FALSE,NA,"non-fitness",-0.0974,0.1875,0.1875,0,0,16,16,3,3,11,11,0,0
"chr5:138168470-138168688","BRD8","HsaEX0008428","Fig6_Exon_Deletion","218",TRUE,"chr5:138168198-138169105","fitness",-6.257,0.3571,0.3333,0.1,0,14,12,5,4,10,9,1,0
"chr3:9744224-9744508","BRPF1","HsaEX0008494","Fig6_Exon_Deletion","284",FALSE,NA,"",-1.4836,0,0,0.0909,0,15,13,0,0,11,10,1,0
"chr14:49628012-49628155","C14orf104","HsaEX0009355","Fig6_Exon_Deletion","143",FALSE,NA,"",NA,0.125,0.125,0,0,16,16,2,2,12,12,0,0
"chr14:105492579-105492734","C14orf80","HsaEX0009526","Fig6_Exon_Deletion","155",FALSE,NA,"fitness",-4.7389,0,0,0.2222,0,16,7,0,0,9,7,2,0
"chr1:153643227-153643364","C1orf77","HsaEX0010327","Fig6_Exon_Deletion","137",FALSE,NA,"",NA,0.0625,0.0714,0.0833,0,16,14,1,1,12,11,1,0
"chr1:156294759-156295016","C1orf85","HsaEX0010333","Fig6_Exon_Deletion","257",FALSE,NA,"non-fitness",0.4496,0.0833,0.0833,0,0,12,12,1,1,10,10,0,0
"chr21:32602272-32602367","C21orf59","HsaEX0010569","Fig6_Exon_Deletion","95",FALSE,NA,"fitness",-5.0377,0.1875,0.0833,0.0833,0,16,12,3,1,12,11,1,0
"chr3:129290679-129290804","C3orf37","HsaEX0010916","Fig6_Exon_Deletion","125",FALSE,NA,"",NA,0,0,0.0833,0,14,12,0,0,12,11,1,0
"chr6:41071596-41071675","C6orf130","HsaEX0011224","Fig6_Exon_Deletion","79",FALSE,NA,"",NA,0.1429,0.1667,0.0909,0,14,12,2,2,11,10,1,0
"chr5:134741063-134741523","CAMLG","HsaEX0012271","Fig6_Exon_Deletion","460",FALSE,NA,"",-1.216,0.0625,0.0625,0,0,16,16,1,1,10,10,0,0
"chr10:68737845-68737889","CCAR1","HsaEX0012829","Fig6_Exon_Deletion","44",FALSE,NA,"fitness",-2.8273,0.125,0.1667,0.0833,0,16,12,2,2,12,11,1,0
"chr10:84211001-84211165","CDHR1","HsaEX0014228","Fig6_Exon_Deletion","164",FALSE,NA,"non-fitness",-1.0203,0.0625,0.0714,0.1,0,16,14,1,1,10,9,1,0
"chr4:103163479-103163553","CENPE","HsaEX0014579","Fig6_Exon_Deletion","74",FALSE,NA,"",-1.9381,0.0625,0,0.125,0,16,12,1,0,8,7,1,0
"chr20:35458304-35458374","CEP250","HsaEX0014759","Fig6_Exon_Deletion","70",FALSE,NA,"non-fitness",-0.8729,0.1333,0.0714,0.0833,0,15,14,2,1,12,11,1,0
"chr9:128187863-128187934","CIZ1","HsaEX0015444","Fig6_Exon_Deletion","71",FALSE,NA,"",-1.1721,0.125,0.125,0,0,16,16,2,2,12,12,0,0
"chr17:82245976-82246039","CSNK1D","HsaEX0017532","Fig6_Exon_Deletion","63",FALSE,NA,"non-fitness",0.6244,0,0,0.0833,0,16,14,0,0,12,11,1,0
"chr10:100243697-100243777","CWF19L1","HsaEX0018098","ExonDeletion ","80",TRUE,"chr17:100235827-100237075","non-fitness",-0.1764,0.3125,0.3,0.25,0,16,10,5,3,12,9,3,0
"chr8:144464460-144464612","CYHR1","HsaEX0018227","Fig6_Exon_Deletion","152",FALSE,NA,"non-fitness",-1.0174,0.0667,0.1111,0.3,0,15,9,1,1,10,7,3,0
"chr1:3872504-3872572","DFFB","HsaEX0019323","Fig6_Exon_Deletion","68",FALSE,NA,"non-fitness",-0.6915,0.125,0.0909,0.1818,0,16,11,2,1,11,9,2,0
"chr22:20092809-20092907","DGCR8","HsaEX0019372","Fig6_Exon_Deletion","98",FALSE,NA,"fitness",-4.1444,0.0667,0,0.0909,0,15,12,1,0,11,9,1,0
"chr17:36599671-36599763","DHRS11","HsaEX0019515","Fig6_Exon_Deletion","92",FALSE,NA,"",-1.8955,0,0,0.1667,0,10,8,0,0,12,10,2,0
"chr13:72780846-72781003","DIS3","HsaEX0019777","Fig6_Exon_Deletion","157",FALSE,NA,"",NA,0,0,0,0,16,16,0,0,11,11,0,0
"chrX:70497180-70497221","DLG3","HsaEX0019897","Fig6_Exon_Deletion","41",FALSE,NA,"non-fitness",-0.3936,0,0,0,0,16,16,0,0,11,11,0,0
"chr19:35509911-35509961","DMKN","HsaEX0019982","Fig6_Exon_Deletion","50",FALSE,NA,"non-fitness",0.7296,0.0833,0.0833,0,0,12,12,1,1,11,11,0,0
"chr12:32738264-32738296","DNM1L","HsaEX0020452","Fig6_Exon_Deletion","32",FALSE,NA,"non-fitness",0.5404,0,0,0.0909,0,15,13,0,0,11,10,1,0
"chr12:67649797-67649945","DYRK2","HsaEX0021345","Fig6_Exon_Deletion","148",FALSE,NA,"non-fitness",-1.0003,0.125,0,0.25,0,16,7,2,0,12,9,3,0
"chr4:147485612-147486101","EDNRA","HsaEX0021596","Fig6_Exon_Deletion","489",FALSE,NA,"non-fitness",1.0124,0.125,0.25,0.1667,0,16,8,2,2,12,10,2,0
"chr20:35280654-35280829","EIF6","HsaEX0022088","Fig6_Exon_Deletion","175",FALSE,NA,"",NA,0,0,0.0833,0,14,10,0,0,12,11,1,0
"chr18:36658075-36658188","FHOD3","HsaEX0025787","Fig6_Exon_Deletion","113",FALSE,NA,"non-fitness",0.2935,0.0667,0,0.1667,0,15,12,1,0,12,10,2,0
"chr11:65894014-65894116","FOSL1","HsaEX0026207","Fig6_Exon_Deletion","102",FALSE,NA,"",-1.8623,0.0625,0.0714,0.0833,0,16,14,1,1,12,11,1,0
"chr19:49812638-49812736","FUZ","HsaEX0026624","Fig6_Exon_Deletion","98",FALSE,NA,"non-fitness",0.5023,0.2857,0.0909,0.0909,0,14,11,4,1,11,10,1,0
"chr1:23798887-23799012","GALE","HsaEX0026852","Fig6_Exon_Deletion","125",FALSE,NA,"non-fitness",-0.5183,0,0,0,0,5,5,0,0,5,5,0,0
"chr19:19501969-19502043","GATAD2A","HsaEX0027110","Fig6_Exon_Deletion","74",TRUE,"chr19:19501765-19502215","non-fitness",-0.9178,0.4167,0.4167,0,0,12,12,5,5,10,10,0,0
"chr17:75244619-75244717","GGA3","HsaEX0027386","Fig6_Exon_Deletion","98",FALSE,NA,"non-fitness",0.8078,0.1875,0.0833,0.0833,0,16,12,3,1,12,11,1,0
"chr8:143269360-143269520","GLI4","HsaEX0027617","Fig6_Exon_Deletion","160",FALSE,NA,"non-fitness",-0.5018,0,0,0.0833,0,16,14,0,0,12,11,1,0
"chr3:52291828-52291922","GLYCTK","HsaEX0027751","Fig6_Exon_Deletion","94",FALSE,NA,"non-fitness",-0.2103,0,0,0.1,0,14,11,0,0,10,9,1,0
"chr5:55161120-55161255","GPX8","HsaEX0028491","Fig6_Exon_Deletion","135",FALSE,NA,"non-fitness",-0.234,0.1875,0.1667,0.1667,0,16,12,3,2,12,10,2,0
"chr13:113355323-113355481","GRTP1","HsaEX0028782","Fig6_Exon_Deletion","158",FALSE,NA,"non-fitness",-0.9568,0.0625,0,0.0909,0,16,14,1,0,11,10,1,0
"chr10:104279370-104279471","GSTO2","HsaEX0028885","Fig6_Exon_Deletion","101",FALSE,NA,"non-fitness",-0.621,0.1875,0.2,0.2727,0,16,10,3,2,11,8,3,0
"chr5:103186320-103186439","HISPPD1","HsaEX0030036","Fig6_Exon_Deletion","119",FALSE,NA,"",NA,0,0,0.0833,0,13,9,0,0,12,11,1,0
"chr22:35262323-35262421","HMGXB4","HsaEX0030240","Fig6_Exon_Deletion","98",FALSE,NA,"non-fitness",-0.9884,0.125,0.1667,0.1667,0,16,12,2,2,12,10,2,0
"chr12:6549476-6549481","IFFO1","HsaEX0030919","Fig6_Exon_Deletion","5",FALSE,NA,"non-fitness",-0.1274,0,0,0,0,14,14,0,0,8,8,0,0
"chr1:116606492-116606548","IGSF3","HsaEX0031207","Fig6_Exon_Deletion","56",FALSE,NA,"",-1.5353,0,0,0.0909,0,16,15,0,0,11,10,1,0
"chr16:3067554-3067613","IL32","HsaEX0031477","Fig6_Exon_Deletion","59",FALSE,NA,"non-fitness",-0.8969,0,0,0,0,16,16,0,0,12,12,0,0
"chr19:5119118-5119219","KDM4B","HsaEX0033291","Fig6_Exon_Deletion","101",FALSE,NA,"",-1.5015,0.0714,0.1111,0.0909,0,14,9,1,1,11,10,1,0
"chr14:58492144-58492275","KIAA0586","HsaEX0033762","Fig6_Exon_Deletion","131",FALSE,NA,"non-fitness",-0.2365,0,0,0,0,14,14,0,0,10,10,0,0
"chr14:55673172-55673255","KTN1","HsaEX0035084","Fig6_Exon_Deletion","83",FALSE,NA,"non-fitness",-0.3878,0.125,0.125,0,0,8,8,1,1,6,6,0,0
"chr4:128176872-128176907","LARP1B","HsaEX0035362","Fig6_Exon_Deletion","35",FALSE,NA,"non-fitness",-0.0597,0.2,0.2857,0.3,0,15,7,3,2,10,7,3,0
"chr4:16505840-16505982","LDB2","HsaEX0035557","Fig6_Exon_Deletion","142",FALSE,NA,"non-fitness",-0.9925,0,0,0.2727,0,15,9,0,0,11,8,3,0
"chrX:118982821-118982943","LONRF3","HsaEX0036135","Fig6_Exon_Deletion","122",FALSE,NA,"non-fitness",0.4467,0.0625,0.0625,0,0,16,16,1,1,11,11,0,0
"chr2:237720772-237720822","LRRFIP1","HsaEX0036737","Fig6_Exon_Deletion","50",FALSE,NA,"non-fitness",0.4838,0,0,0.0833,0,16,14,0,0,12,11,1,0
"chr14:65101546-65101572","MAX","HsaEX0038060","Fig6_Exon_Deletion","26",FALSE,NA,"non-fitness",-0.1878,0.3077,0,0.1,0,13,5,4,0,10,9,1,0
"chr1:84939553-84939702","MCOLN2","HsaEX0038294","Fig6_Exon_Deletion","149",FALSE,NA,"non-fitness",0.6789,0.125,0.1111,0.2727,0,16,9,2,1,11,8,3,0
"chr1:204544535-204544669","MDM4","HsaEX0038421","Fig6_Exon_Deletion","134",FALSE,NA,"fitness",-5.3805,0.1429,0.1429,0,0,14,14,2,2,11,11,0,0
"chr19:42349499-42349699","MEGF8","HsaEX0038772","Fig6_Exon_Deletion","200",FALSE,NA,"non-fitness",-0.434,0.125,0.1667,0.0833,0,16,12,2,2,12,11,1,0
"chr10:97461496-97461622","MMS19","HsaEX0039697","Fig6_Exon_Deletion","126",FALSE,NA,"fitness",-3.672,0.0667,0.0667,0,0,15,15,1,1,11,11,0,0
"chr10:97468966-97469104","MMS19","HsaEX0039699","Fig6_Exon_Deletion","138",FALSE,NA,"fitness",-3.672,0.1333,0.1538,0.0909,0,15,13,2,2,11,10,1,0
"chr2:197523624-197523686","MOBKL3","HsaEX0039745","Fig6_Exon_Deletion","62",FALSE,NA,"",NA,0.0625,0.0833,0.1667,0,16,12,1,1,12,10,2,0
"chr1:2389925-2389996","MORN1","HsaEX0039818","Fig6_Exon_Deletion","71",TRUE,"chr1:2389626-2390077","",-1.511,0.2667,0.375,0.1667,0,15,8,4,3,12,10,2,0
"chr2:241099396-241099894","MTERFD2","HsaEX0040439","Fig6_Exon_Deletion","498",FALSE,NA,"non-fitness",0.2026,0.1429,0.0833,0.0833,0,14,12,2,1,12,11,1,0
"chr19:3456550-3456635","NFIC","HsaEX0042741","Fig6_Exon_Deletion","85",FALSE,NA,"non-fitness",-0.8644,0,0,0,0,16,16,0,0,12,12,0,0
"chr11:47261637-47261726","NR1H3","HsaEX0043675","Fig6_Exon_Deletion","89",FALSE,NA,"non-fitness",0.1155,0.0625,0,0.3333,0,16,6,1,0,9,6,3,0
"chr7:129710374-129710571","NRF1","HsaEX0043794","Fig6_Exon_Deletion","197",FALSE,NA,"fitness",-3.439,0.3125,0.25,0.1818,0,16,12,5,3,11,9,2,0
"chr22:30889520-30889636","OSBP2","HsaEX0044858","Fig6_Exon_Deletion","116",TRUE,"chr22:30889395-30890517","non-fitness",0.5596,0.5,0.5,0.0833,0,16,14,8,7,12,11,1,0
"chr16:70153391-70153573","PDPR","HsaEX0046434","Fig6_Exon_Deletion","182",FALSE,NA,"",-2.1833,0.2,0.25,0.3333,0,15,8,3,2,12,8,4,0
"chr14:49654784-49654838","POLE2","HsaEX0048920","Fig6_Exon_Deletion","54",FALSE,NA,"fitness",-6.8273,0.125,0.125,0,0,8,8,1,1,5,5,0,0
"chr10:101583588-101583681","POLL","HsaEX0048980","Fig6_Exon_Deletion","93",FALSE,NA,"",-1.8323,0,0,0,0,16,16,0,0,11,11,0,0
"chr5:149830767-149830883","PPARGC1B","HsaEX0049310","Fig6_Exon_Deletion","116",FALSE,NA,"non-fitness",0.5401,0.1429,0,0.0909,0,14,11,2,0,11,10,1,0
"chr6:30614549-30614602","PPP1R10","HsaEX0049539","Fig6_Exon_Deletion","53",FALSE,NA,"fitness",-2.9447,0.1429,0.1818,0.0909,0,14,11,2,2,11,10,1,0
"chr6:30068279-30068353","PPP1R11","HsaEX0049547","Fig6_Exon_Deletion","74",FALSE,NA,"fitness",-4.412,0.0625,0.0625,0,0,16,16,1,1,12,12,0,0
"chr5:40774928-40774972","PRKAA1","HsaEX0050073","Fig6_Exon_Deletion","44",FALSE,NA,"non-fitness",0.0779,0.1429,0.2,0.0909,0,14,10,2,2,11,10,1,0
"chr19:49680140-49680238","PRMT1","HsaEX0050262","Fig6_Exon_Deletion","98",FALSE,NA,"fitness",-5.5667,0.0833,0,0.1,0,12,9,1,0,10,9,1,0
"chr19:805513-805569","PTBP1","HsaEX0050725","Fig6_Exon_Deletion","56",FALSE,NA,"fitness",-3.8024,0.1667,0,0.2,0,6,3,1,0,5,4,1,0
"chr11:47569700-47569891","PTPMT1","HsaEX0050944","Fig6_Exon_Deletion","191",FALSE,NA,"fitness",-5.7427,0.25,0.2857,0.0833,0,16,14,4,4,12,11,1,0
"chr12:132701250-132701369","PXMP2","HsaEX0051403","Fig6_Exon_Deletion","119",FALSE,NA,"",-1.6629,0.2143,0.25,0.0909,0,14,12,3,3,11,10,1,0
"chr3:53125909-53125994","RFT1","HsaEX0053203","Fig6_Exon_Deletion","85",FALSE,NA,"fitness",-4.295,0.0625,0,0.0833,0,16,14,1,0,12,11,1,0
"chr16:669553-669606","RHOT2","HsaEX0053537","Fig6_Exon_Deletion","53",FALSE,NA,"",-1.9861,0,0,0.0833,0,16,14,0,0,12,11,1,0
"chr5:38949356-38949427","RICTOR","HsaEX0053597","Fig6_Exon_Deletion","71",FALSE,NA,"",-2.2397,0,0,0,0,16,16,0,0,11,10,0,0
"chr6:37374620-37374709","RNF8","HsaEX0054150","Fig6_Exon_Deletion","89",FALSE,NA,"",-2.1895,0,0,0.25,0,16,9,0,0,12,9,3,0
"chr20:37232296-37232391","RPN2","HsaEX0055525","Fig6_Exon_Deletion","95",FALSE,NA,"fitness",-4.5687,0.1875,0.1875,0,0,16,16,3,3,11,11,0,0
"chr14:74907435-74907530","RPS6KL1","HsaEX0055664","Fig6_Exon_Deletion","95",FALSE,NA,"non-fitness",-0.2087,0.125,0.0714,0.0833,0,16,14,2,1,12,11,1,0
"chr11:9052746-9052832","SCUBE2","HsaEX0056672","Fig6_Exon_Deletion","86",FALSE,NA,"non-fitness",0.5889,0.0667,0.0667,0,0,15,15,1,1,11,11,0,0
"chr5:223482-223568","SDHA","HsaEX0056744","Fig6_Exon_Deletion","86",FALSE,NA,"",-1.4627,0.3333,0.25,0.0909,0,15,12,5,3,11,10,1,0
"chr22:31531058-31531129","SFI1","HsaEX0057589","Fig6_Exon_Deletion","71",FALSE,NA,"non-fitness",-0.2851,0,0,0.25,0,14,10,0,0,12,9,3,0
"chr2:38746144-38746179","SFRS7","HsaEX0057687","Fig6_Exon_Deletion","35",FALSE,NA,"",NA,0.1333,0.1538,0.1111,0,15,13,2,2,9,8,1,0
"chr22:40401593-40401675","SGSM3","HsaEX0057887","Fig6_Exon_Deletion","82",FALSE,NA,"",-1.4523,0.0625,0.0909,0.1667,0,16,11,1,1,12,10,2,0
"chr10:103622470-103622553","SH3PXD2A","HsaEX0058048","Fig6_Exon_Deletion","83",FALSE,NA,"",-1.295,0.2,0.2727,0.1667,0,15,11,3,3,12,10,2,0
"chr17:82236729-82236872","SLC16A3","HsaEX0058720","Fig6_Exon_Deletion","143",FALSE,NA,"non-fitness",0.1371,0,0,0,0,4,4,0,0,4,4,0,0
"chr11:62871577-62871669","SLC3A2","HsaEX0059658","Fig6_Exon_Deletion","92",FALSE,NA,"non-fitness",-0.5551,0.0625,0.1,0.0909,0,16,10,1,1,11,10,1,0
"chr3:57865242-57865292","SLMAP","HsaEX0060182","Fig6_Exon_Deletion","50",FALSE,NA,"fitness",-3.7457,0.0625,0.1667,0.25,0,16,6,1,1,12,9,3,0
"chr12:50087363-50087485","SMARCD1","HsaEX0060332","Fig6_Exon_Deletion","122",FALSE,NA,"non-fitness",3.2518,0,0,0.1667,0,16,10,0,0,12,10,2,0
"chr17:64562771-64562966","SMURF2","HsaEX0060565","Fig6_Exon_Deletion","195",FALSE,NA,"non-fitness",-0.7938,0.1875,0.0833,0.1429,0,16,12,3,1,7,6,1,0
"chr15:66495330-66495419","SNAPC5","HsaEX0060646","Fig6_Exon_Deletion","89",FALSE,NA,"fitness",-3.5973,0.3125,0.1667,0.0909,0,16,12,5,2,11,10,1,0
"chr1:203862182-203862222","SNRPE","HsaEX0060716","Fig6_Exon_Deletion","40",TRUE,"chr1:203861981-203862499","fitness",-4.677,0.2667,0.3077,0.0909,0,15,13,4,4,11,10,1,0
"chr17:50547720-50547767","SPATA20","HsaEX0061235","Fig6_Exon_Deletion","47",FALSE,NA,"non-fitness",0.0689,0,0,0,0,6,6,0,0,5,5,0,0
"chr16:28981901-28982056","SPNS1","HsaEX0061466","Fig6_Exon_Deletion","155",FALSE,NA,"non-fitness",0.4115,0.1667,0.1667,0,0,12,12,2,2,10,10,0,0
"chr16:30721189-30721476","SRCAP","HsaEX0061653","Fig6_Exon_Deletion","287",FALSE,NA,"non-fitness",0.1084,0.3125,0,0.1818,0,16,9,5,0,11,9,2,0
"chr9:127916408-127916494","ST6GALNAC4","HsaEX0062042","Fig6_Exon_Deletion","86",FALSE,NA,"",-2.1483,0.0625,0,0.1,0,16,14,1,0,10,9,1,0
"chr3:136464881-136464988","STAG1","HsaEX0062155","Fig6_Exon_Deletion","107",FALSE,NA,"",-1.712,0.0667,0.0667,0,0,15,15,1,1,11,11,0,0
"chr11:9713466-9713639","SWAP70","HsaEX0063064","Fig6_Exon_Deletion","173",FALSE,NA,"",-1.7774,0,0,0,0,15,15,0,0,11,11,0,0
"chr17:37520179-37520214","SYNRG","HsaEX0063233","Fig6_Exon_Deletion","35",FALSE,NA,"non-fitness",0.4257,0.2143,0,0.1818,0,14,9,3,0,11,9,2,0
"chr10:103378235-103378550","TAF5","HsaEX0063506","Fig6_Exon_Deletion","315",FALSE,NA,"fitness",-3.9675,0.0769,0,0.25,0,13,6,1,0,12,9,3,0
"chr10:103385326-103385490","TAF5","HsaEX0063507","Fig6_Exon_Deletion","164",FALSE,NA,"fitness",-3.9675,0.1875,0.1875,0,0,16,16,3,3,12,12,0,0
"chr5:146468341-146468403","TCERG1","HsaEX0064138","Fig6_Exon_Deletion","62",TRUE,"chr5:146467918-146469369","",-1.798,0.3333,0.4545,0.1667,0,15,11,5,5,12,10,2,0
"chr5:134140796-134140888","TCF7","HsaEX0064181","Fig6_Exon_Deletion","92",FALSE,NA,"non-fitness",-0.6301,0.1875,0.2727,0.1667,0,16,11,3,3,12,10,2,0
"chr10:113158667-113158717","TCF7L2","HsaEX0064195","Fig6_Exon_Deletion","50",FALSE,NA,"non-fitness",0.1867,0,0,0,0,16,16,0,0,12,12,0,0
"chr11:67465056-67465100","TMEM134","HsaEX0065462","Fig6_Exon_Deletion","44",FALSE,NA,"non-fitness",0.793,0,0,0,0,16,16,0,0,11,11,0,0
"chrX:110003501-110004164","TMEM164","HsaEX0065554","Fig6_Exon_Deletion","663",FALSE,NA,"non-fitness",-0.7856,0.1429,0.1429,0,0,14,14,2,2,12,12,0,0
"chr16:24793473-24793649","TNRC6A","HsaEX0066370","Fig6_Exon_Deletion","176",FALSE,NA,"non-fitness",-0.2663,0,0,0,0,13,13,0,0,11,11,0,0
"chr7:22818000-22818048","TOMM7","HsaEX0066478","Fig6_Exon_Deletion","48",FALSE,NA,"",-1.914,0.1875,0.1875,0,0,16,16,3,3,12,12,0,0
"chr2:238332824-238332895","TRAF3IP1","HsaEX0066818","Fig6_Exon_Deletion","71",FALSE,NA,"non-fitness",0.4361,0.0625,0.0714,0.0833,0,16,14,1,1,12,11,1,0
"chr14:39154211-39154294","TRAPPC6B","HsaEX0066944","Fig6_Exon_Deletion","83",FALSE,NA,"non-fitness",-0.2055,0.2308,0.2308,0,0,13,13,3,3,10,10,0,0
"chr22:46355990-46356072","TRMU","HsaEX0067316","Fig6_Exon_Deletion","82",FALSE,NA,"non-fitness",-0.6452,0.0625,0,0.1818,0,16,11,1,0,11,9,2,0
"chr15:50628149-50628249","TRPM7","HsaEX0067423","Fig6_Exon_Deletion","100",FALSE,NA,"non-fitness",0.9703,0,0,0.2222,0,13,9,0,0,9,7,2,0
"chr17:2336037-2336140","TSR1","HsaEX0067696","Fig6_Exon_Deletion","103",FALSE,NA,"",NA,0.5385,0.25,0.3636,0,13,4,7,1,11,7,4,0
"chr17:59890831-59890928","TUBD1","HsaEX0068306","Fig6_Exon_Deletion","97",FALSE,NA,"",-1.7488,0.3125,0.1,0.1667,0,16,10,5,1,12,10,2,0
"chr20:63943653-63943669","UCKL1","HsaEX0069107","Fig6_Exon_Deletion","16",FALSE,NA,"non-fitness",0.3139,0,0,0,0,15,15,0,0,12,12,0,0
"chr7:43887790-43887816","URGCP","HsaEX0069517","Fig6_Exon_Deletion","26",TRUE,"chr7:43886082-43889662","",-1.5659,0.25,0.3333,0.1667,0,16,12,4,4,12,10,2,0
"chr19:47069092-47069343","ZC3H4","HsaEX0072262","Fig6_Exon_Deletion","251",FALSE,NA,"",-2.342,0.0625,0.0833,0.1667,0,16,12,1,1,12,10,2,0
"chr10:97752857-97752877","ZFYVE27","HsaEX0072774","Fig6_Exon_Deletion","20",NA,NA,"",0.6799,0.5,NA,0.1111,0,8,0,4,0,9,8,1,0
"chr10:79310924-79311184","ZMIZ1","HsaEX0072856","Fig6_Exon_Deletion","260",FALSE,NA,"non-fitness",-0.0905,0.1333,0.0909,0.1,0,15,11,2,1,10,9,1,0
"chr8:144754696-144754803","ZNF251","HsaEX0073258","Fig6_Exon_Deletion","107",FALSE,NA,"non-fitness",0.0393,0,0,0,0,6,6,0,0,6,6,0,0
"chr2:27599970-27600053","ZNF512","HsaEX0073821","Fig6_Exon_Deletion","83",FALSE,NA,"non-fitness",-0.7227,0.0625,0.0625,0,0,16,16,1,1,10,10,0,0
"chr3:142453116-142453233","ATR","ExonDEL070717","Exon_Deletion","117",FALSE,NA,"fitness",-4.1865,0.1667,0.1667,0,0,6,6,1,1,5,5,0,0
"chr3:142515394-142515515","ATR","ExonDEL070729","Exon_Deletion","121",FALSE,NA,"fitness",-4.1865,0,0,0.25,0,6,4,0,0,4,3,1,0
"chr3:142519668-142519784","ATR","ExonDEL070730","Exon_Deletion","116",FALSE,NA,"fitness",-4.1865,0.1667,0.1667,0,0,6,6,1,1,5,5,0,0
"chr10:123155657-123155727","BUB3","ExonDEL020712","Exon_Deletion","70",FALSE,NA,"fitness",-6.6347,0.1667,0.1667,0,0,6,6,1,1,4,4,0,0
"chr10:123157728-123157880","BUB3","ExonDEL020713","Exon_Deletion","152",FALSE,NA,"fitness",-6.6347,0.2,0.2857,0.1111,0,10,7,2,2,9,8,1,0
"chr10:123162235-123162413","BUB3","ExonDEL020714","Exon_Deletion","178",FALSE,NA,"fitness",-6.6347,0,0,0.1111,0,9,8,0,0,9,8,1,0
"chr10:123162611-123162828","BUB3","ExonDEL020715","Exon_Deletion","217",FALSE,NA,"fitness",-6.6347,0,0,0,0,8,8,0,0,9,8,0,0
"chr1:156312040-156312221","CCT3","ExonDEL014266","Exon_Deletion","181",FALSE,NA,"fitness",-5.3569,0.3333,0.25,0.1,0,12,8,4,2,10,8,1,0
"chr1:156317165-156317247","CCT3","ExonDEL014267","Exon_Deletion","82",FALSE,NA,"fitness",-5.3569,0.25,0,0.1111,0,12,8,3,0,9,7,1,0
"chr1:156317414-156317547","CCT3","ExonDEL014268","Exon_Deletion","133",FALSE,NA,"fitness",-5.3569,0,0,0.2,0,6,3,0,0,5,4,1,0
"chr1:156333546-156333643","CCT3","ExonDEL014272","Exon_Deletion","97",FALSE,NA,"fitness",-5.3569,0,0,0,0,6,6,0,0,3,3,0,0
"chr17:47142228-47142436","CDC27","ExonDEL046140","Exon_Deletion","208",FALSE,NA,"",-2.1711,0,0,0,0,5,5,0,0,5,5,0,0
"chr17:47143882-47143982","CDC27","ExonDEL046141","Exon_Deletion","100",FALSE,NA,"",-2.1711,0,0,0,0,5,5,0,0,5,5,0,0
"chr17:47158205-47158303","CDC27","ExonDEL046146","Exon_Deletion","98",TRUE,"chr17:47157443-47163705","",-2.1711,0.5,0.5,0,0,6,6,3,3,4,4,0,0
"chr6:44406322-44406467","CDC5L","ExonDEL081351","Exon_Deletion","145",FALSE,NA,"fitness",-2.9554,0,0,0.4,0,6,2,0,0,5,3,2,0
"chr1:193130173-193130243","CDC73","ExonDEL015554","Exon_Deletion","70",FALSE,NA,"fitness",-4.2075,0,0,0.2,0,6,4,0,0,5,4,1,0
"chr2:26792130-26792240","CENPA","ExonDEL055351","Exon_Deletion","110",FALSE,NA,"fitness",-2.5482,0,0,0.25,0,6,4,0,0,4,3,1,0
"chr17:59644275-59644495","CLTC","ExonDEL046689","Exon_Deletion","220",FALSE,NA,"fitness",-3.6443,0.2,0.2,0,0,5,5,1,1,5,5,0,0
"chr17:59647397-59647666","CLTC","ExonDEL046690","Exon_Deletion","269",FALSE,NA,"fitness",-3.6443,0.1667,0,0.1,0,12,9,2,0,10,9,1,0
"chr17:59680911-59681057","CLTC","ExonDEL046695","Exon_Deletion","146",FALSE,NA,"fitness",-3.6443,0.4,0,0.2,0,5,2,2,0,5,4,1,0
"chr17:59690635-59690711","CLTC","ExonDEL046699","Exon_Deletion","76",NA,NA,"",-3.6443,0.4,NA,0.2,0,5,0,2,0,5,3,1,0
"chr1:47374908-47374985","CMPK1","ExonDEL011045","Exon_Deletion","77",TRUE,"chr1:47374576-47375088","fitness",-4.195,0.2727,0.5,0.3,0,11,4,3,2,10,7,3,0
"chr1:47375196-47375293","CMPK1","ExonDEL011046","Exon_Deletion","97",FALSE,NA,"fitness",-4.195,0,0,0.1,0,12,10,0,0,10,9,1,0
"chr6:37443998-37444150","CMTR1","ExonDEL080854","Exon_Deletion","152",FALSE,NA,"",-1.8787,0.5,0.3333,0.25,0,6,3,3,1,4,3,1,0
"chr1:160295735-160295859","COPA","ExonDEL014543","Exon_Deletion","124",FALSE,NA,"fitness",-6.971,0,0,0,0,6,6,0,0,5,5,0,0
"chr1:160296060-160296149","COPA","ExonDEL014544","Exon_Deletion","89",FALSE,NA,"fitness",-6.971,0.1667,0.1667,0,0,6,6,1,1,5,5,0,0
"chr1:160306353-160306493","COPA","ExonDEL014549","Exon_Deletion","140",TRUE,"chr1:160305914-160306998","fitness",-6.971,0.5,0.6667,0,0,6,3,3,2,5,4,0,0
"chr1:160307162-160307245","COPA","ExonDEL014550","Exon_Deletion","83",FALSE,NA,"fitness",-6.971,0.1,0.1429,0.2,0,10,7,1,1,10,8,2,0
"chr1:160309100-160309176","COPA","ExonDEL014551","Exon_Deletion","76",FALSE,NA,"fitness",-6.971,0.1667,0.1667,0,0,6,6,1,1,5,5,0,0
"chr1:160313084-160313167","COPA","ExonDEL014554","Exon_Deletion","83",FALSE,NA,"fitness",-6.971,0.1667,0.1667,0,0,6,6,1,1,5,5,0,0
"chr1:160313989-160314125","COPA","ExonDEL014555","Exon_Deletion","136",FALSE,NA,"fitness",-6.971,0.1,0,0.1,0,10,8,1,0,10,9,1,0
"chr1:160323430-160323530","COPA","ExonDEL014556","Exon_Deletion","100",FALSE,NA,"fitness",-6.971,0,0,0,0,6,6,0,0,5,5,0,0
"chr1:160325542-160325652","COPA","ExonDEL014557","Exon_Deletion","110",FALSE,NA,"fitness",-6.971,0,0,0,0,6,6,0,0,5,5,0,0
"chr1:160332447-160332557","COPA","ExonDEL014558","Exon_Deletion","110",FALSE,NA,"fitness",-6.971,0,0,0,0,6,6,0,0,5,5,0,0
"chr1:160333602-160333679","COPA","ExonDEL014559","Exon_Deletion","77",FALSE,NA,"fitness",-6.971,0,0,0,0,6,6,0,0,4,4,0,0
"chr12:54345459-54345515","COPZ1","ExonDEL028249","Exon_Deletion","56",FALSE,NA,"fitness",-2.8053,0.3333,0.2,0,0,12,10,4,2,10,9,0,0
"chr12:54347766-54347840","COPZ1","ExonDEL028250","Exon_Deletion","74",FALSE,NA,"fitness",-2.8053,0.1667,0.25,0.2,0,6,4,1,1,5,4,1,0
"chr12:54347999-54348051","COPZ1","ExonDEL028251","Exon_Deletion","52",FALSE,NA,"fitness",-2.8053,0,0,0,0,5,5,0,0,4,4,0,0
"chr17:14074322-14074456","COX10","ExonDEL044109","Exon_Deletion","134",FALSE,NA,"non-fitness",-0.648,0.1667,0.1667,0,0,6,6,1,1,5,5,0,0
"chr17:14076734-14077056","COX10","ExonDEL044110","Exon_Deletion","322",FALSE,NA,"non-fitness",-0.648,0,0,0,0,6,6,0,0,5,5,0,0
"chr17:14102117-14102242","COX10","ExonDEL044111","Exon_Deletion","125",FALSE,NA,"non-fitness",-0.648,0,0,0,0,6,6,0,0,5,5,0,0
"chr7:99439082-99439185","CPSF4","ExonDEL086145","Exon_Deletion","103",FALSE,NA,"",-1.9608,0,0,0,0,6,6,0,0,4,4,0,0
"chr7:99448125-99448273","CPSF4","ExonDEL086148","Exon_Deletion","148",FALSE,NA,"",-1.9608,0,0,0,0,6,6,0,0,5,5,0,0
"chr11:10760172-10760321","CTR9","ExonDEL021731","Exon_Deletion","149",FALSE,NA,"fitness",-5.2403,0.2,0.2,0,0,5,5,1,1,4,4,0,0
"chr11:10766401-10766490","CTR9","ExonDEL021733","Exon_Deletion","89",TRUE,"chr11:10765054-10767119","fitness",-5.2403,0.3333,0.3333,0,0,6,6,2,2,5,5,0,0
"chr11:10768342-10768491","CTR9","ExonDEL021735","Exon_Deletion","149",FALSE,NA,"fitness",-5.2403,0,0,0,0,5,5,0,0,4,4,0,0
"chr11:10774011-10774169","CTR9","ExonDEL021738","Exon_Deletion","158",FALSE,NA,"fitness",-5.2403,0,0,0,0,5,5,0,0,5,5,0,0
"chr11:10775206-10775303","CTR9","ExonDEL021739","Exon_Deletion","97",TRUE,"chr11:10774367-10775464","fitness",-5.2403,0.4,0.4,0,0,5,5,2,2,5,5,0,0
"chr11:108673466-108673527","DDX10","ExonDEL025157","Exon_Deletion","61",NA,NA,"",-5.599,0,NA,0.2,0,6,0,0,0,5,3,1,0
"chr11:108675595-108675726","DDX10","ExonDEL025158","Exon_Deletion","131",NA,NA,"",-5.599,0.1667,NA,0.4,0,6,0,1,0,5,2,2,0
"chr11:108688935-108689062","DDX10","ExonDEL025161","Exon_Deletion","127",FALSE,NA,"fitness",-5.599,0,0,0,0,6,6,0,0,5,5,0,0
"chr11:108691875-108692038","DDX10","ExonDEL025162","Exon_Deletion","163",FALSE,NA,"fitness",-5.599,0.1667,0.1667,0,0,6,6,1,1,5,5,0,0
"chr1:182852232-182852344","DHX9","ExonDEL015293","Exon_Deletion","112",FALSE,NA,"fitness",-3.9617,0.3333,0.25,0.25,0,6,4,2,1,4,3,1,0
"chr1:182853305-182853418","DHX9","ExonDEL015294","Exon_Deletion","113",FALSE,NA,"fitness",-3.9617,0.1667,0.1667,0,0,6,6,1,1,4,4,0,0
"chr1:182854029-182854178","DHX9","ExonDEL015295","Exon_Deletion","149",FALSE,NA,"fitness",-3.9617,0,0,0.25,0,6,3,0,0,4,3,1,0
"chr1:182856531-182856578","DHX9","ExonDEL015296","Exon_Deletion","47",FALSE,NA,"fitness",-3.9617,0,0,0,0,6,3,0,0,5,4,0,0
"chr1:182866443-182866585","DHX9","ExonDEL015298","Exon_Deletion","142",FALSE,NA,"fitness",-3.9617,0,0,0.2,0,3,2,0,0,5,4,1,0
"chrX:154767255-154767382","DKC1","ExonDEL097959","Exon_Deletion","127",FALSE,NA,"fitness",-4.735,0,0,0,0,4,3,0,0,5,4,0,0
"chrX:154768301-154768432","DKC1","ExonDEL097960","Exon_Deletion","131",FALSE,NA,"fitness",-4.735,0.1667,0.2222,0.1,0,12,9,2,2,10,9,1,0
"chrX:154770758-154770879","DKC1","ExonDEL097961","Exon_Deletion","121",FALSE,NA,"fitness",-4.735,0,0,0,0,6,6,0,0,5,5,0,0
"chr14:74894311-74894409","DLST","ExonDEL034668","Exon_Deletion","98",FALSE,NA,"",-2.4035,0.1667,0.3333,0,0,6,3,1,1,5,4,0,0
"chr14:74898368-74898499","DLST","ExonDEL034669","Exon_Deletion","131",FALSE,NA,"",-2.4035,0.1667,0,0.4,0,6,2,1,0,5,3,2,0
"chr21:33588320-33588634","DONSON","ExonDEL064103","Exon_Deletion","314",FALSE,NA,"",-2.3067,0.2,0.2,0,0,5,5,1,1,5,5,0,0
"chr1:212080614-212080750","DTL","ExonDEL016233","Exon_Deletion","136",FALSE,NA,"fitness",-7.0683,0,0,0,0,6,6,0,0,5,5,0,0
"chr2:171692776-171692894","DYNC1I2","ExonDEL059297","Exon_Deletion","118",FALSE,NA,"fitness",-3.8375,0.1,0.125,0.1429,0,10,8,1,1,7,6,1,0
"chr2:171707232-171707377","DYNC1I2","ExonDEL059298","Exon_Deletion","145",FALSE,NA,"fitness",-3.8375,0,0,0.1111,0,9,8,0,0,9,8,1,0
"chr2:171715327-171715443","DYNC1I2","ExonDEL059299","Exon_Deletion","116",FALSE,NA,"fitness",-3.8375,0.2727,0.2727,0,0,11,11,3,3,9,9,0,0
"chr2:171728716-171728850","DYNC1I2","ExonDEL059302","Exon_Deletion","134",FALSE,NA,"fitness",-3.8375,0.2,0.2,0,0,5,5,1,1,4,4,0,0
"chr2:171729708-171729853","DYNC1I2","ExonDEL059303","Exon_Deletion","145",FALSE,NA,"fitness",-3.8375,0.3333,0.25,0.2,0,6,4,2,1,5,4,1,0
"chr1:44857703-44857807","EIF2B3","ExonDEL010858","Exon_Deletion","104",FALSE,NA,"",-1.0253,0,0,0,0,6,6,0,0,5,5,0,0
"chr1:44926627-44926739","EIF2B3","ExonDEL010862","Exon_Deletion","112",FALSE,NA,"",-1.0253,0.2,0.2,0,0,5,5,1,1,5,5,0,0
"chr1:44941505-44941665","EIF2B3","ExonDEL010863","Exon_Deletion","160",FALSE,NA,"",-1.0253,0,0,0,0,6,6,0,0,4,4,0,0
"chr1:44978314-44978460","EIF2B3","ExonDEL010864","Exon_Deletion","146",FALSE,NA,"",-1.0253,0.0833,0.0833,0,0,12,12,1,1,9,9,0,0
"chr10:119041993-119042772","EIF3A","ExonDEL020546","Exon_Deletion","779",FALSE,NA,"fitness",-5.7677,0.6,0.5,0.4,0,5,2,3,1,5,3,2,0
"chr10:119044053-119044142","EIF3A","ExonDEL020547","Exon_Deletion","89",FALSE,NA,"fitness",-5.7677,0.1667,0,0,0,6,3,1,0,5,4,0,0
"chr10:119073440-119073577","EIF3A","ExonDEL020554","Exon_Deletion","137",FALSE,NA,"fitness",-5.7677,0.1667,0.1667,0,0,6,6,1,1,5,5,0,0
"chr10:119073746-119073937","EIF3A","ExonDEL020555","Exon_Deletion","191",TRUE,"chr10:119073673-119076376","fitness",-5.7677,0.3333,0.3333,0,0,6,6,2,2,3,3,0,0
"chr2:127261227-127261346","ERCC3","ExonDEL058335","Exon_Deletion","119",FALSE,NA,"fitness",-4.1937,0.0833,0.0833,0,0,12,12,1,1,10,10,0,0
"chr2:127271335-127271453","ERCC3","ExonDEL058336","Exon_Deletion","118",FALSE,NA,"fitness",-4.1937,0.1667,0.25,0.1,0,12,8,2,2,10,8,1,0
"chr2:127272864-127272961","ERCC3","ExonDEL058337","Exon_Deletion","97",FALSE,NA,"fitness",-4.1937,0,0,0.1,0,11,9,0,0,10,9,1,0
"chr2:127279172-127279375","ERCC3","ExonDEL058338","Exon_Deletion","203",FALSE,NA,"fitness",-4.1937,0,0,0.1111,0,12,10,0,0,9,8,1,0
"chr2:127280446-127280631","ERCC3","ExonDEL058339","Exon_Deletion","185",FALSE,NA,"fitness",-4.1937,0.1667,0.1667,0.2222,0,12,6,2,1,9,6,2,0
"chr2:127288659-127288864","ERCC3","ExonDEL058340","Exon_Deletion","205",FALSE,NA,"fitness",-4.1937,0,0,0.2,0,12,8,0,0,10,8,2,0
"chr2:222613810-222613928","FARSB","ExonDEL060808","Exon_Deletion","118",TRUE,"chr2:222610957-222616723","fitness",-4.4303,0.3333,0.3333,0,0,6,6,2,2,5,5,0,0
"chr2:222624271-222624479","FARSB","ExonDEL060809","Exon_Deletion","208",TRUE,"chr2:222623930-222624545","fitness",-4.4303,0.4,0.4,0,0,5,5,2,2,4,4,0,0
"chr2:222633198-222633307","FARSB","ExonDEL060814","Exon_Deletion","109",FALSE,NA,"fitness",-4.4303,0,0,0,0,4,4,0,0,5,5,0,0
"chr2:222634390-222634541","FARSB","ExonDEL060815","Exon_Deletion","151",TRUE,"chr2:222633866-222638267","fitness",-4.4303,0.4167,0.4167,0,0,12,12,5,5,10,10,0,0
"chr2:222639579-222639695","FARSB","ExonDEL060816","Exon_Deletion","116",FALSE,NA,"fitness",-4.4303,0.5,0.25,0.25,0,6,4,3,1,4,3,1,0
"chr21:33520363-33520562","GART","ExonDEL064086","Exon_Deletion","199",FALSE,NA,"non-fitness",1.1307,0.1667,0.1667,0,0,6,6,1,1,5,5,0,0
"chr1:88859881-88860011","GTF2B","ExonDEL012041","Exon_Deletion","130",FALSE,NA,"",-1.5788,0,0,0,0,6,6,0,0,4,4,0,0
"chr1:88863980-88864114","GTF2B","ExonDEL012042","Exon_Deletion","134",FALSE,NA,"",-1.5788,0.1667,0.1667,0,0,6,6,1,1,4,4,0,0
"chr1:88887260-88887367","GTF2B","ExonDEL012043","Exon_Deletion","107",FALSE,NA,"",-1.5788,0,0,0.4,0,6,2,0,0,5,3,2,0
"chr14:21212959-21213117","HNRNPC","ExonDEL032934","Exon_Deletion","158",TRUE,"chr14:21212008-21217539","",-1.3116,0.5,0.5,0,0,6,6,3,3,5,5,0,0
"chr9:83970161-83970331","HNRNPK","ExonDEL092603","Exon_Deletion","170",FALSE,NA,"fitness",-4.3637,0.1667,0.1667,0,0,6,6,1,1,4,4,0,0
"chr9:83971671-83971726","HNRNPK","ExonDEL092606","Exon_Deletion","55",TRUE,"chr9:83971543-83971824","fitness",-4.3637,0.3333,0.5,0.2,0,6,4,2,2,5,4,1,0
"chr9:83971881-83972189","HNRNPK","ExonDEL092607","Exon_Deletion","308",FALSE,NA,"fitness",-4.3637,0.2,0.2,0,0,5,5,1,1,5,5,0,0
"chr9:83975461-83975505","HNRNPK","ExonDEL092608","Exon_Deletion","44",TRUE,"chr9:83974677-83976805","fitness",-4.3637,0.3333,0.6,0.3333,0,12,5,4,3,9,6,3,0
"chr19:38847315-38847434","HNRNPL","ExonDEL052890","Exon_Deletion","119",FALSE,NA,"fitness",-4.4473,0.1667,0.1667,0,0,6,6,1,1,5,5,0,0
"chr1:244855423-244855608","HNRNPU","ExonDEL017280","Exon_Deletion","185",FALSE,NA,"fitness",-3.6627,0,0,0,0,6,6,0,0,5,5,0,0
"chr1:244859274-244859374","HNRNPU","ExonDEL017283","Exon_Deletion","100",FALSE,NA,"fitness",-3.6627,0.3333,0,0,0,6,3,2,0,5,4,0,0
"chr1:244860334-244860523","HNRNPU","ExonDEL017284","Exon_Deletion","189",FALSE,NA,"fitness",-3.6627,0,0,0.25,0,9,5,0,0,8,6,2,0
"chrX:53542442-53542539","HUWE1","ExonDEL096158","Exon_Deletion","97",FALSE,NA,"",-1.9668,0.1667,0.1667,0,0,6,6,1,1,5,5,0,0
"chrX:53543840-53543968","HUWE1","ExonDEL096159","Exon_Deletion","128",FALSE,NA,"",-1.9668,0,0,0,0,6,6,0,0,5,5,0,0
"chrX:53560187-53560416","HUWE1","ExonDEL096174","Exon_Deletion","229",FALSE,NA,"",-1.9668,0.2,0.2,0,0,5,5,1,1,5,5,0,0
"chrX:53561755-53561924","HUWE1","ExonDEL096175","Exon_Deletion","169",FALSE,NA,"",-1.9668,0,0,0,0,4,4,0,0,5,5,0,0
"chrX:53562110-53562244","HUWE1","ExonDEL096176","Exon_Deletion","134",FALSE,NA,"",-1.9668,0.25,0,0.5,0,4,2,1,0,4,2,2,0
"chrX:53563745-53563821","HUWE1","ExonDEL096177","Exon_Deletion","76",FALSE,NA,"",-1.9668,0.4167,0.2857,0.1,0,12,7,5,2,10,8,1,0
"chrX:53564573-53564722","HUWE1","ExonDEL096178","Exon_Deletion","149",TRUE,"chrX:53564511-53564955","",-1.9668,0.8333,1,0.2,0,6,3,5,3,5,4,1,0
"chrX:53586781-53586909","HUWE1","ExonDEL096188","Exon_Deletion","128",TRUE,"chrX:53586668-53587832","",-1.9668,0.3333,0.3333,0,0,6,6,2,2,5,5,0,0
"chrX:70146632-70146828","IGBP1","ExonDEL096402","Exon_Deletion","196",FALSE,NA,"fitness",-4.4223,0.4,0.5,0.2,0,5,2,2,1,5,3,1,0
"chrX:70148760-70148840","IGBP1","ExonDEL096403","Exon_Deletion","80",FALSE,NA,"fitness",-4.4223,0.3333,0.3333,0.25,0,6,3,2,1,4,3,1,0
"chrX:70150209-70150322","IGBP1","ExonDEL096404","Exon_Deletion","113",TRUE,"chrX:70149318-70153676","fitness",-4.4223,0.4,0.6667,0.2,0,5,3,2,2,5,4,1,0
"chr19:10679815-10679927","ILF3","ExonDEL051101","Exon_Deletion","112",FALSE,NA,"fitness",-5.3287,0.3333,0.5,0.3,0,12,2,4,1,10,6,3,0
"chr19:10680345-10680443","ILF3","ExonDEL051102","Exon_Deletion","98",FALSE,NA,"fitness",-5.3287,0.25,0.2222,0.1,0,12,9,3,2,10,9,1,0
"chr1:43964268-43964321","IPO13","ExonDEL010764","Exon_Deletion","53",FALSE,NA,"fitness",-3.9303,0.1818,0.1818,0,0,11,11,2,2,10,10,0,0
"chr2:96601642-96601776","KANSL3","ExonDEL057366","Exon_Deletion","134",FALSE,NA,"fitness",-3.996,0.3333,0.5,0.2,0,6,2,2,1,5,3,1,0
"chr2:96602115-96602338","KANSL3","ExonDEL057367","Exon_Deletion","223",FALSE,NA,"fitness",-3.996,0.0909,0.125,0.1,0,11,8,1,1,10,8,1,0
"chr2:96602752-96602862","KANSL3","ExonDEL057368","Exon_Deletion","110",FALSE,NA,"fitness",-3.996,0,0,0.1,0,12,10,0,0,10,9,1,0
"chr2:96604249-96604380","KANSL3","ExonDEL057369","Exon_Deletion","131",FALSE,NA,"fitness",-3.996,0,0,0,0,6,6,0,0,5,5,0,0
"chr10:92606264-92606397","KIF11","ExonDEL019460","Exon_Deletion","133",FALSE,NA,"fitness",-7.301,0,0,0,0,6,6,0,0,5,5,0,0
"chr10:92632485-92632693","KIF11","ExonDEL019467","Exon_Deletion","208",NA,NA,"",-7.301,0.5,NA,0.6,0,6,0,3,0,5,2,3,0
"chr10:92633622-92633795","KIF11","ExonDEL019468","Exon_Deletion","173",NA,NA,"",-7.301,0.6667,NA,0.2,0,6,0,4,0,5,3,1,0
"chr15:69421646-69421752","KIF23","ExonDEL037831","Exon_Deletion","106",TRUE,"chr15:69419554-69421920","fitness",-5.1443,0.6,0.6,0,0,5,5,3,3,5,5,0,0
"chr15:69429110-69429213","KIF23","ExonDEL037836","Exon_Deletion","103",FALSE,NA,"fitness",-5.1443,0.1667,0.1667,0,0,6,6,1,1,5,5,0,0
"chr17:47674637-47674782","KPNB1","ExonDEL046167","Exon_Deletion","145",FALSE,NA,"fitness",-5.9183,0.1667,0.1667,0,0,6,6,1,1,5,5,0,0
"chr17:47676408-47676491","KPNB1","ExonDEL046168","Exon_Deletion","83",TRUE,"chr17:47675765-47676633","fitness",-5.9183,0.5,0.5,0,0,6,6,3,3,5,5,0,0
"chr14:49607399-49608121","LRR1","ExonDEL033685","Exon_Deletion","722",FALSE,NA,"fitness",-2.4153,0.1667,0,0.2,0,6,3,1,0,5,4,1,0
"chr5:157751389-157751529","LSM11","ExonDEL078954","Exon_Deletion","140",FALSE,NA,"fitness",-5.5527,0,0,0.2,0,6,4,0,0,5,4,1,0
"chr17:50741101-50741246","LUC7L3","ExonDEL046433","Exon_Deletion","145",FALSE,NA,"fitness",-4.3103,0,0,0,0,6,6,0,0,5,5,0,0
"chr17:50745719-50746003","LUC7L3","ExonDEL046434","Exon_Deletion","284",FALSE,NA,"fitness",-4.3103,0.1667,0.1667,0,0,6,6,1,1,5,5,0,0
"chr17:50746541-50746702","LUC7L3","ExonDEL046435","Exon_Deletion","161",FALSE,NA,"fitness",-4.3103,0.3333,0,0.2,0,6,3,2,0,5,4,1,0
"chr7:100093291-100093401","MCM7","ExonDEL086214","Exon_Deletion","110",FALSE,NA,"fitness",-2.627,0.3,0,0.2222,0,10,5,3,0,9,6,2,0
"chr7:100094172-100094341","MCM7","ExonDEL086215","Exon_Deletion","169",FALSE,NA,"fitness",-2.627,0.0833,0.1,0,0,12,10,1,1,10,9,0,0
"chr7:100095773-100096167","MCM7","ExonDEL086216","Exon_Deletion","394",FALSE,NA,"fitness",-2.627,0,0,0.125,0,12,6,0,0,8,7,1,0
"chr7:100098139-100098290","MCM7","ExonDEL086218","Exon_Deletion","151",TRUE,"chr7:100098002-100098497","fitness",-2.627,0.3636,0.3333,0.1111,0,11,9,4,3,9,8,1,0
"chr9:132014336-132014467","MED27","ExonDEL094327","Exon_Deletion","131",FALSE,NA,"",-1.7376,0.5,0,0.2,0,4,2,2,0,5,4,1,0
"chr9:132077441-132077586","MED27","ExonDEL094328","Exon_Deletion","145",FALSE,NA,"",-1.7376,0,0,0,0,6,6,0,0,5,5,0,0
"chr17:7856984-7857423","NAA38","ExonDEL043751","Exon_Deletion","439",FALSE,NA,"fitness",-3.5377,0,0,0,0,4,4,0,0,5,5,0,0
"chr18:2587829-2587923","NDC80","ExonDEL048368","Exon_Deletion","94",FALSE,NA,"fitness",-4.4743,0.1667,0.1667,0,0,6,6,1,1,5,5,0,0
"chr18:2590017-2590162","NDC80","ExonDEL048370","Exon_Deletion","145",TRUE,"chr18:2589640-2590530","fitness",-4.4743,0.4,0.4,0,0,5,5,2,2,4,4,0,0
"chr18:2595415-2595621","NDC80","ExonDEL048371","Exon_Deletion","206",FALSE,NA,"fitness",-4.4743,0,0,0,0,6,6,0,0,5,5,0,0
"chr2:10577635-10577738","NOL10","ExonDEL054908","Exon_Deletion","103",FALSE,NA,"fitness",-4.268,0,0,0,0,6,6,0,0,5,5,0,0
"chr2:10671553-10671690","NOL10","ExonDEL054916","Exon_Deletion","137",TRUE,"chr2:10669041-10672406","fitness",-4.268,0.3333,0.3333,0,0,6,6,2,2,4,4,0,0
"chr20:2653278-2653393","NOP56","ExonDEL061628","Exon_Deletion","115",FALSE,NA,"fitness",-4.226,0.1667,0.1667,0,0,6,6,1,1,5,5,0,0
"chr20:2655933-2656034","NOP56","ExonDEL061632","Exon_Deletion","101",FALSE,NA,"fitness",-4.226,0,0,0.2,0,4,3,0,0,5,4,1,0
"chr17:46674413-46674613","NSF","ExonDEL046118","Exon_Deletion","200",FALSE,NA,"fitness",-4.6543,0,0,0,0,4,4,0,0,5,5,0,0
"chr17:46713852-46713986","NSF","ExonDEL046122","Exon_Deletion","134",FALSE,NA,"fitness",-4.6543,0,0,0,0,6,6,0,0,5,5,0,0
"chr17:46726548-46726615","NSF","ExonDEL046123","Exon_Deletion","67",FALSE,NA,"fitness",-4.6543,0.1667,0.25,0,0,6,4,1,1,5,4,0,0
"chr17:46728854-46728934","NSF","ExonDEL046124","Exon_Deletion","80",FALSE,NA,"fitness",-4.6543,0,0,0.2,0,6,4,0,0,5,4,1,0
"chr17:46755313-46755369","NSF","ExonDEL046125","Exon_Deletion","56",FALSE,NA,"fitness",-4.6543,0.3333,0.3333,0.2,0,3,3,1,1,5,4,1,0
"chr16:56758537-56758655","NUP93","ExonDEL041393","Exon_Deletion","118",FALSE,NA,"fitness",-2.7781,0.1667,0.1667,0,0,12,12,2,2,10,10,0,0
"chr16:56823706-56823846","NUP93","ExonDEL041394","Exon_Deletion","140",FALSE,NA,"fitness",-2.7781,0.1667,0.5,0.4,0,6,2,1,1,5,3,2,0
"chr16:56828976-56829109","NUP93","ExonDEL041395","Exon_Deletion","133",FALSE,NA,"fitness",-2.7781,0.2,0,0,0,5,3,1,0,5,4,0,0
"chrX:71537828-71538072","OGT","ExonDEL096564","Exon_Deletion","244",FALSE,NA,"non-fitness",-0.741,0,0,0,0,6,6,0,0,5,5,0,0
"chr8:100717772-100717888","PABPC1","ExonDEL090264","Exon_Deletion","116",FALSE,NA,"non-fitness",-0.7313,0.1667,0,0.2,0,6,4,1,0,5,4,1,0
"chr8:100718086-100718280","PABPC1","ExonDEL090265","Exon_Deletion","194",FALSE,NA,"non-fitness",-0.7313,0.1667,0.1667,0,0,6,6,1,1,5,5,0,0
"chr17:4946627-4946844","PFN1","ExonDEL043380","Exon_Deletion","217",TRUE,"chr17:4946132-4947027","fitness",-4.5843,0.5,0.6667,0.2,0,6,3,3,2,5,4,1,0
"chr4:154539104-154539213","PLRG1","ExonDEL075092","Exon_Deletion","109",FALSE,NA,"",-1.3697,0.1667,0.1667,0,0,6,6,1,1,5,5,0,0
"chr4:154539950-154540053","PLRG1","ExonDEL075093","Exon_Deletion","103",FALSE,NA,"",-1.3697,0,0,0,0,8,6,0,0,10,9,0,0
"chr4:154547710-154547853","PLRG1","ExonDEL075097","Exon_Deletion","143",FALSE,NA,"",-1.3697,0,0,0,0,5,5,0,0,5,5,0,0
"chr4:154548828-154548935","PLRG1","ExonDEL075098","Exon_Deletion","107",FALSE,NA,"",-1.3697,0.1667,0.1667,0,0,6,6,1,1,5,5,0,0
"chr2:112549266-112549399","POLR1B","ExonDEL058104","Exon_Deletion","133",FALSE,NA,"fitness",-4.903,0.0833,0,0.1111,0,12,10,1,0,9,8,1,0
"chr2:112550865-112551002","POLR1B","ExonDEL058105","Exon_Deletion","137",FALSE,NA,"fitness",-4.903,0,0,0,0,12,12,0,0,10,10,0,0
"chr2:112551774-112551998","POLR1B","ExonDEL058106","Exon_Deletion","224",FALSE,NA,"fitness",-4.903,0.0833,0.0833,0,0,12,12,1,1,10,10,0,0
"chr2:112552644-112552816","POLR1B","ExonDEL058107","Exon_Deletion","172",FALSE,NA,"fitness",-4.903,0.0833,0.1,0.1,0,12,10,1,1,10,9,1,0
"chr2:112557909-112558081","POLR1B","ExonDEL058108","Exon_Deletion","172",FALSE,NA,"fitness",-4.903,0,0,0.1,0,12,8,0,0,10,8,1,0
"chr2:112564365-112564499","POLR1B","ExonDEL058109","Exon_Deletion","134",FALSE,NA,"fitness",-4.903,0,0,0,0,6,6,0,0,5,5,0,0
"chr2:112568745-112568902","POLR1B","ExonDEL058110","Exon_Deletion","157",FALSE,NA,"fitness",-4.903,0.1667,0,0.2,0,6,4,1,0,5,4,1,0
"chr5:65567512-65567615","PPWD1","ExonDEL076820","Exon_Deletion","103",TRUE,"chr5:65564789-65569477","",-1.4812,0.6,0.6,0,0,5,5,3,3,4,4,0,0
"chr5:65576878-65577069","PPWD1","ExonDEL076824","Exon_Deletion","191",FALSE,NA,"",-1.4812,0.1667,0.1667,0,0,6,6,1,1,5,5,0,0
"chr5:65579423-65579613","PPWD1","ExonDEL076825","Exon_Deletion","190",FALSE,NA,"",-1.4812,0.25,0.25,0,0,4,4,1,1,4,4,0,0
"chr2:27131671-27131831","PREB","ExonDEL055397","Exon_Deletion","160",FALSE,NA,"fitness",-4.539,0.1,0.125,0.1111,0,10,8,1,1,9,8,1,0
"chr2:27133531-27133721","PREB","ExonDEL055401","Exon_Deletion","190",FALSE,NA,"fitness",-4.539,0,0,0,0,6,6,0,0,5,5,0,0
"chr1:108698603-108698827","PRPF38B","ExonDEL012499","Exon_Deletion","224",FALSE,NA,"fitness",-4.697,0,0,0.1,0,11,8,0,0,10,9,1,0
"chr1:35605232-35605282","PSMB2","ExonDEL010246","Exon_Deletion","50",FALSE,NA,"fitness",-3.2589,0.1667,0.1667,0,0,6,6,1,1,5,5,0,0
"chr1:35609245-35609408","PSMB2","ExonDEL010247","Exon_Deletion","163",FALSE,NA,"fitness",-3.2589,0,0,0,0,5,5,0,0,4,4,0,0
"chr1:35631273-35631344","PSMB2","ExonDEL010248","Exon_Deletion","71",FALSE,NA,"fitness",-3.2589,0,0,0,0,6,6,0,0,5,5,0,0
"chr9:124356763-124356915","PSMB7","ExonDEL093688","Exon_Deletion","152",FALSE,NA,"fitness",-4.5783,0.1667,0.1667,0,0,12,12,2,2,9,9,0,0
"chr9:124384597-124384656","PSMB7","ExonDEL093689","Exon_Deletion","59",FALSE,NA,"fitness",-4.5783,0.1667,0.1667,0,0,12,12,2,2,10,10,0,0
"chr17:32464520-32464578","PSMD11","ExonDEL044875","Exon_Deletion","58",FALSE,NA,"fitness",-5.8527,0,0,0.25,0,6,4,0,0,4,3,1,0
"chr17:32480145-32480197","PSMD11","ExonDEL044878","Exon_Deletion","52",FALSE,NA,"fitness",-5.8527,0.1667,0.1667,0,0,6,6,1,1,5,5,0,0
"chr17:32480488-32480631","PSMD11","ExonDEL044879","Exon_Deletion","143",FALSE,NA,"fitness",-5.8527,0.0833,0.1,0.1111,0,12,10,1,1,9,8,1,0
"chr2:161370106-161370177","PSMD14","ExonDEL058968","Exon_Deletion","71",FALSE,NA,"fitness",-4.7735,0,0,0.4,0,6,2,0,0,5,3,2,0
"chr2:161371171-161371322","PSMD14","ExonDEL058969","Exon_Deletion","151",FALSE,NA,"fitness",-4.7735,0.0833,0.0833,0,0,12,12,1,1,10,10,0,0
"chr1:75789951-75790057","RABGGTB","ExonDEL011816","Exon_Deletion","106",FALSE,NA,"fitness",-3.334,0,0,0,0,12,12,0,0,10,10,0,0
"chr1:75791284-75791337","RABGGTB","ExonDEL011817","Exon_Deletion","53",FALSE,NA,"fitness",-3.334,0,0,0.2,0,4,3,0,0,5,4,1,0
"chr12:49990683-49990792","RACGAP1","ExonDEL027840","Exon_Deletion","109",FALSE,NA,"fitness",-3.9417,0,0,0.1111,0,12,10,0,0,9,8,1,0
"chr12:49991997-49992133","RACGAP1","ExonDEL027841","Exon_Deletion","136",FALSE,NA,"fitness",-3.9417,0,0,0,0,4,4,0,0,5,5,0,0
"chr12:50002247-50002300","RACGAP1","ExonDEL027848","Exon_Deletion","53",FALSE,NA,"fitness",-3.9417,0,0,0,0,6,6,0,0,4,4,0,0
"chr12:50004233-50004304","RACGAP1","ExonDEL027849","Exon_Deletion","71",FALSE,NA,"fitness",-3.9417,0.1818,0.2222,0.1111,0,11,9,2,2,9,8,1,0
"chr12:50005255-50005392","RACGAP1","ExonDEL027850","Exon_Deletion","137",FALSE,NA,"fitness",-3.9417,0,0,0,0,12,12,0,0,10,10,0,0
"chr12:50006433-50006636","RACGAP1","ExonDEL027851","Exon_Deletion","203",FALSE,NA,"fitness",-3.9417,0.1818,0.1818,0,0,11,11,2,2,10,10,0,0
"chr12:50016630-50016715","RACGAP1","ExonDEL027852","Exon_Deletion","85",FALSE,NA,"fitness",-3.9417,0.1111,0,0.1111,0,9,7,1,0,9,8,1,0
"chr17:58694930-58695193","RAD51C","ExonDEL046640","Exon_Deletion","263",FALSE,NA,"fitness",-6.058,0,0,0,0,5,5,0,0,4,4,0,0
"chr17:58696692-58696859","RAD51C","ExonDEL046641","Exon_Deletion","167",FALSE,NA,"fitness",-6.058,0,0,0.2,0,6,4,0,0,5,4,1,0
"chr17:58724039-58724100","RAD51C","ExonDEL046644","Exon_Deletion","61",FALSE,NA,"fitness",-6.058,0.4,0.3333,0.2,0,5,3,2,1,5,4,1,0
"chr17:58732480-58732559","RAD51C","ExonDEL046645","Exon_Deletion","79",FALSE,NA,"fitness",-6.058,0,0,0,0,6,6,0,0,5,5,0,0
"chr16:24546162-24546262","RBBP6","ExonDEL040604","Exon_Deletion","100",FALSE,NA,"fitness",-4.0887,0.1818,0.25,0,0,11,8,2,2,6,6,0,0
"chr16:24548944-24549035","RBBP6","ExonDEL040605","Exon_Deletion","91",FALSE,NA,"fitness",-4.0887,0.1818,0.1111,0.1111,0,11,9,2,1,9,8,1,0
"chr16:24556307-24556447","RBBP6","ExonDEL040608","Exon_Deletion","140",FALSE,NA,"fitness",-4.0887,0,0,0.2,0,5,3,0,0,5,4,1,0
"chr16:24559504-24559691","RBBP6","ExonDEL040609","Exon_Deletion","187",TRUE,"chr16:24557672-24560591","fitness",-4.0887,0.5,0.5,0.2,0,6,4,3,2,5,4,1,0
"chr11:66616720-66617057","RBM14","ExonDEL023802","Exon_Deletion","337",FALSE,NA,"fitness",-3.7973,0,0,0,0,5,5,0,0,5,5,0,0
"chr11:66626460-66626668","RBM14","ExonDEL023805","Exon_Deletion","208",FALSE,NA,"fitness",-3.7973,0,0,0,0,12,12,0,0,10,10,0,0
"chrX:136877914-136878086","RBMX","ExonDEL097574","Exon_Deletion","172",TRUE,"chrX:136877400-136878888","",-1.799,0.3333,0.3333,0,0,6,6,2,2,5,5,0,0
"chr9:4834140-4834265","RCL1","ExonDEL091436","Exon_Deletion","125",FALSE,NA,"fitness",-4.4743,0,0,0,0,6,6,0,0,5,5,0,0
"chr9:4841205-4841357","RCL1","ExonDEL091437","Exon_Deletion","152",FALSE,NA,"fitness",-4.4743,0,0,0,0,5,5,0,0,3,3,0,0
"chr7:151470570-151470652","RHEB","ExonDEL087983","Exon_Deletion","82",FALSE,NA,"fitness",-3.8967,0,0,0,0,5,5,0,0,5,5,0,0
"chr6:88614271-88614395","RNGTT","ExonDEL082136","Exon_Deletion","124",FALSE,NA,"fitness",-7.93,0,0,0,0,5,5,0,0,4,4,0,0
"chr19:41869030-41869214","RPS19","ExonDEL053200","Exon_Deletion","184",NA,NA,"",-5.8877,0.5,NA,0.75,0,6,0,3,0,4,1,3,0
"chr19:41869698-41869753","RPS19","ExonDEL053201","Exon_Deletion","55",TRUE,"chr19:41869327-41870370","fitness",-5.8877,0.5,0.3333,0,0,10,6,5,2,8,6,0,0
"chr11:75404019-75404207","RPS3","ExonDEL024431","Exon_Deletion","188",TRUE,"chr11:75403041-75404321","fitness",-4.093,0.3333,0.3333,0,0,6,6,2,2,3,3,0,0
"chr11:75404671-75404865","RPS3","ExonDEL024432","Exon_Deletion","194",TRUE,"chr11:75404321-75405679","fitness",-4.093,0.25,0.3,0.1,0,12,10,3,3,10,9,1,0
"chr11:64768105-64768286","SF1","ExonDEL023399","Exon_Deletion","181",FALSE,NA,"fitness",-3.3755,0,0,0,0,6,6,0,0,4,4,0,0
"chr11:64773429-64773505","SF1","ExonDEL023402","Exon_Deletion","76",FALSE,NA,"fitness",-3.3755,0.0833,0,0.1,0,12,7,1,0,10,8,1,0
"chr2:197398460-197398581","SF3B1","ExonDEL059886","Exon_Deletion","121",FALSE,NA,"fitness",-4.044,0.3333,0.5,0.4,0,6,2,2,1,5,3,2,0
"chr2:197409769-197410007","SF3B1","ExonDEL059891","Exon_Deletion","238",TRUE,"chr2:197409670-197412276","fitness",-4.044,0.4,0.4,0,0,5,5,2,2,5,5,0,0
"chr19:49101389-49101471","SNRNP70","ExonDEL053940","Exon_Deletion","82",FALSE,NA,"",-1.1652,0.0909,0.0909,0,0,11,11,1,1,10,10,0,0
"chr2:45392944-45393129","SRBD1","ExonDEL056115","Exon_Deletion","185",FALSE,NA,"fitness",-3.6113,0.1667,0.3333,0.2,0,6,3,1,1,5,4,1,0
"chr2:45419787-45419894","SRBD1","ExonDEL056116","Exon_Deletion","107",FALSE,NA,"fitness",-3.6113,0.2,0.2,0,0,5,5,1,1,5,5,0,0
"chr2:45476992-45477075","SRBD1","ExonDEL056117","Exon_Deletion","83",FALSE,NA,"fitness",-3.6113,0,0,0,0,11,11,0,0,10,10,0,0
"chr2:45488239-45488331","SRBD1","ExonDEL056118","Exon_Deletion","92",FALSE,NA,"fitness",-3.6113,0.1818,0.1818,0,0,11,11,2,2,8,8,0,0
"chr2:45547521-45547612","SRBD1","ExonDEL056119","Exon_Deletion","91",FALSE,NA,"fitness",-3.6113,0.2,0.2,0,0,5,5,1,1,4,4,0,0
"chr2:45551124-45551282","SRBD1","ExonDEL056120","Exon_Deletion","158",FALSE,NA,"fitness",-3.6113,0,0,0,0,6,6,0,0,5,5,0,0
"chr2:45605361-45605441","SRBD1","ExonDEL056128","Exon_Deletion","80",FALSE,NA,"fitness",-3.6113,0,0,0,0,6,6,0,0,3,3,0,0
"chr1:24662659-24662804","SRRM1","ExonDEL009621","Exon_Deletion","145",FALSE,NA,"fitness",-2.437,0.1818,0.1818,0,0,11,11,2,2,9,9,0,0
"chr7:100875572-100875712","SRRT","ExonDEL086401","Exon_Deletion","140",TRUE,"chr7:100875379-100876620","",-2.395,0.5,0.5,0,0,4,4,2,2,5,5,0,0
"chr6:36596762-36596968","SRSF3","ExonDEL080792","Exon_Deletion","206",TRUE,"chr6:36594881-36598761","fitness",-5.119,0.3333,0.6667,0.2,0,6,3,2,2,5,4,1,0
"chr2:38749515-38749705","SRSF7","ExonDEL055910","Exon_Deletion","190",FALSE,NA,"fitness",-3.9703,0.0909,0,0.1,0,11,8,1,0,10,9,1,0
"chr2:38750013-38750194","SRSF7","ExonDEL055911","Exon_Deletion","181",FALSE,NA,"fitness",-3.9703,0,0,0,0,6,3,0,0,5,4,0,0
"chr17:28678820-28678963","SUPT6H","ExonDEL044610","Exon_Deletion","143",FALSE,NA,"fitness",-4.929,0.25,0.25,0,0,4,4,1,1,4,4,0,0
"chr17:28681255-28681404","SUPT6H","ExonDEL044611","Exon_Deletion","149",TRUE,"chr17:28679040-28681819","fitness",-4.929,0.3333,0.3333,0,0,6,6,2,2,5,5,0,0
"chr17:28686338-28686415","SUPT6H","ExonDEL044618","Exon_Deletion","77",TRUE,"chr17:28685092-28686594","fitness",-4.929,0.3333,0.3333,0,0,6,6,2,2,5,5,0,0
"chr17:28688090-28688218","SUPT6H","ExonDEL044620","Exon_Deletion","128",FALSE,NA,"fitness",-4.929,0.1667,0.1667,0,0,6,6,1,1,5,5,0,0
"chr17:28689353-28689561","SUPT6H","ExonDEL044621","Exon_Deletion","208",TRUE,"chr17:28688742-28689904","fitness",-4.929,0.3333,0.3333,0,0,6,6,2,2,5,5,0,0
"chr16:68900433-68900546","TANGO6","ExonDEL042008","Exon_Deletion","113",FALSE,NA,"fitness",-3.7463,0.1667,0.1667,0,0,6,6,1,1,5,5,0,0
"chr16:69022827-69022979","TANGO6","ExonDEL042010","Exon_Deletion","152",FALSE,NA,"fitness",-3.7463,0,0,0,0,6,6,0,0,4,4,0,0
"chrX:123620891-123620965","THOC2","ExonDEL097288","Exon_Deletion","74",FALSE,NA,"fitness",-4.3643,0.1667,0,0.2,0,6,4,1,0,5,4,1,0
"chrX:123638933-123639027","THOC2","ExonDEL097297","Exon_Deletion","94",FALSE,NA,"fitness",-4.3643,0,0,0,0,6,6,0,0,5,5,0,0
"chrX:123640537-123640622","THOC2","ExonDEL097298","Exon_Deletion","85",FALSE,NA,"fitness",-4.3643,0.1667,0.1667,0,0,6,6,1,1,5,5,0,0
"chr7:128967279-128967392","TNPO3","ExonDEL087154","Exon_Deletion","113",TRUE,"chr7:128966561-128969339","fitness",-4.721,0.3333,0.3333,0,0,6,6,2,2,5,5,0,0
"chr13:45339993-45340184","TPT1","ExonDEL031930","Exon_Deletion","191",FALSE,NA,"fitness",-3.067,0.2,0.2,0,0,5,5,1,1,4,4,0,0
"chr1:28553639-28553737","TRNAU1AP","ExonDEL009910","Exon_Deletion","98",NA,NA,"",-2.8733,0.5,0,0.4,0,6,1,3,0,5,2,2,0
"chr1:28560632-28560732","TRNAU1AP","ExonDEL009911","Exon_Deletion","100",FALSE,NA,"fitness",-2.8733,0,0,0.2,0,6,2,0,0,5,3,1,0
"chr1:28561345-28561398","TRNAU1AP","ExonDEL009912","Exon_Deletion","53",NA,NA,"",-2.8733,0,0,0.2,0,5,1,0,0,5,3,1,0
"chr1:28571866-28571900","TRNAU1AP","ExonDEL009914","Exon_Deletion","34",FALSE,NA,"fitness",-2.8733,0,0,0,0,6,6,0,0,5,5,0,0
"chr7:98984943-98985044","TRRAP","ExonDEL086113","Exon_Deletion","101",FALSE,NA,"",-1.9668,0.5,0.3333,0.2,0,4,3,2,1,5,4,1,0
"chr7:98988764-98988966","TRRAP","ExonDEL086114","Exon_Deletion","202",FALSE,NA,"",-1.9668,0.3333,0,0,0,6,3,2,0,3,3,0,0
"chr7:98994586-98994848","TRRAP","ExonDEL086117","Exon_Deletion","262",FALSE,NA,"",-1.9668,0,0,0.2,0,6,4,0,0,5,4,1,0
"chr7:99004189-99004415","TRRAP","ExonDEL086118","Exon_Deletion","226",FALSE,NA,"",-1.9668,0.3333,0.5,0.4,0,6,2,2,1,5,3,2,0
"chr20:37996374-37996462","TTI1","ExonDEL062743","Exon_Deletion","88",FALSE,NA,"fitness",-4.3335,0,0,0.2,0,6,4,0,0,5,4,1,0
"chr20:37996748-37996953","TTI1","ExonDEL062744","Exon_Deletion","205",FALSE,NA,"fitness",-4.3335,0,0,0,0,6,4,0,0,4,3,0,0
"chr20:38002627-38002776","TTI1","ExonDEL062745","Exon_Deletion","149",FALSE,NA,"fitness",-4.3335,0,0,0,0,6,6,0,0,5,5,0,0
"chr19:55661037-55661189","U2AF2","ExonDEL054600","Exon_Deletion","152",TRUE,"chr19:55660768-55661451","fitness",-3.68,0.5,0.5,0,0,6,6,3,3,5,5,0,0
"chr17:42775380-42775469","VPS25","ExonDEL045750","Exon_Deletion","89",FALSE,NA,"fitness",-8.121,0.0909,0.0909,0,0,11,11,1,1,9,9,0,0
"chr17:42776244-42776320","VPS25","ExonDEL045751","Exon_Deletion","76",FALSE,NA,"fitness",-8.121,0.1667,0.1667,0,0,6,6,1,1,5,5,0,0
"chr14:100468020-100468168","WDR25","ExonDEL035351","Exon_Deletion","148",FALSE,NA,"fitness",-4.772,0.1667,0.3333,0.2,0,6,3,1,1,5,4,1,0
"chr14:100483993-100484124","WDR25","ExonDEL035352","Exon_Deletion","131",FALSE,NA,"fitness",-4.772,0.1667,0.1667,0,0,6,6,1,1,3,3,0,0
"chr5:37516513-37516590","WDR70","ExonDEL076343","Exon_Deletion","77",FALSE,NA,"fitness",-3.0352,0,0,0,0,4,4,0,0,5,5,0,0
"chr5:37701057-37701142","WDR70","ExonDEL076346","Exon_Deletion","85",FALSE,NA,"fitness",-3.0352,0,0,0.2,0,6,4,0,0,5,4,1,0
"chr5:37702948-37703087","WDR70","ExonDEL076347","Exon_Deletion","139",FALSE,NA,"fitness",-3.0352,0.0833,0.1,0.1,0,12,10,1,1,10,9,1,0
"chr5:37721114-37721215","WDR70","ExonDEL076348","Exon_Deletion","101",FALSE,NA,"fitness",-3.0352,0.0833,0.1,0.125,0,12,10,1,1,8,7,1,0
"chr5:37722854-37722934","WDR70","ExonDEL076349","Exon_Deletion","80",TRUE,"chr5:37722473-37724570","fitness",-3.0352,0.25,0.3,0,0,12,10,3,3,9,8,0,0
"chr2:61483936-61484105","XPO1","ExonDEL056489","Exon_Deletion","169",FALSE,NA,"fitness",-4.1597,0,0,0,0,6,6,0,0,4,4,0,0
"chr2:61488164-61488271","XPO1","ExonDEL056490","Exon_Deletion","107",FALSE,NA,"fitness",-4.1597,0,0,0,0,4,4,0,0,3,3,0,0
"chr2:61522610-61522683","XPO1","ExonDEL056499","Exon_Deletion","73",FALSE,NA,"fitness",-4.1597,0.3333,0.3333,0.2,0,6,3,2,1,5,4,1,0
"chr1:37807100-37807215","YRDC","ExonDEL010403","Exon_Deletion","115",FALSE,NA,"non-fitness",-0.9766,0.5,0.3333,0.2,0,4,3,2,1,5,4,1,0
